SpotId,path
1,https://img.seoul.co.kr/img/upload/2023/03/17/SSC_20230317104806.jpg
2,https://ojsfile.ohmynews.com/STD_IMG_FILE/2020/0704/IE002661967_STD.JPG
3,https://inblu.kr/uploads/ckeditor/20230528/6472bb7800d38_1685240696.jpg
4,https://api.cdn.visitjeju.net/photomng/imgpath/202111/03/492de2bd-6669-4bbf-a879-0da3e6524c2f.JPG
5,https://cdn.seogwipo.co.kr/news/photo/201212/84465_59673_2314.jpg
6,https://pds.joongang.co.kr//news/component/htmlphoto_mmdata/201804/30/b38c7eb8-f58e-4c6d-bff3-549aab5160fe.jpg
7,"https://media.triple.guide/triple-cms/c_limit,f_auto,h_1024,w_1024/18561ae0-1e1e-41d0-a50e-8a78f805c5c7.jpeg"
8,https://img.hani.co.kr/imgdb/resize/2018/1018/00501439_20181018.JPG
9,https://mediaim.expedia.com/destination/1/b3a3564cf670783efc5844fb5a004362.jpg
10,https://api.cdn.visitjeju.net/photomng/imgpath/201804/30/e2b1523e-4d6f-4bc4-8832-041e7dceb76c.jpg
11,https://cdn.imweb.me/thumbnail/20220725/57e588dfc50e1.jpg
12,https://image.kkday.com/v2/image/get/w_960%2Cc_fit%2Cq_55%2Ct_webp/s1.kkday.com/product_39795/20230522090900_oT6VY/jpg
13,https://www.jejumobile.kr/datas/b6914338e57f12b6ec9c693a35b56c5a.jpg
14,https://mblogthumb-phinf.pstatic.net/MjAyMTAxMjFfMjA4/MDAxNjExMjM0NTUwMTE5.-N_dw4jtadqYELGRJWpff6CB0cl4jrOCOC-vCcLsRHog.dFjKbTiq0VuhFeGqmI9uYte3sIbiuBl_AFUCpQbvmjUg.JPEG.maum0577/11.jpg?type=w800
15,https://api.cdn.visitjeju.net/photomng/imgpath/202110/26/b77e1b21-7e4c-407f-9fa7-6d0a08ab250f.jpg
16,https://mblogthumb-phinf.pstatic.net/MjAxOTExMTRfMyAg/MDAxNTczNzQxOTk5MDM0.bN2fZzd4XOeFufJk1Aw1sfOiX67E3d7JHJE8PdqN35sg.H4sUEtm96SO_oTj4StmQePdFiNEn0oy1HsCYmS6vkrQg.JPEG.bear00381/SE-a6e25e4e-e206-4805-a44e-83dbfdd1ae52.jpg?type=w800
17,https://image.foresttrip.go.kr/frip/9922e039-a4d9-4863-81b5-94c58897c017.jpg
18,https://api.cdn.visitjeju.net/photomng/imgpath/202110/28/a8c617a7-0b5e-4771-825b-c68d96904443.jpg
19,https://lh6.googleusercontent.com/MlP_91nDX2uH_40pMMcHEkE2iZ7aR4IlNId-eb3b4x8FOLpANDDeN9VD_l6cSPp2DwZQ5twTerPxFZecS0NsBY_Q23QT_UwLWrfl1i6uIwAKy1k9cSPFGJ8oCcpJzcrmQps55Wl6fpIoE1RB6m1F8Qk0_ljoKEqyxnJX5fyZT4N856hFnFXQqN3SjjuKa3CUrauInO8qOA
20,https://image.kr.canon/pds/gallery/1435243428852_j2La0S246F.jpg
21,https://www.jejumobile.kr/datas/877cd25d5774dfe2f525be91f677a1f1.jpg
22,https://a.cdn-hotels.com/gdcs/production52/d1516/3e2972f6-7fb3-4d76-98d9-24520fdf0bd6.jpg
23,https://api.cdn.visitjeju.net/photomng/imgpath/201804/30/a2c0bcf1-f5fa-4d5b-83c4-64b52e0f196b.jpg
24,https://api.cdn.visitjeju.net/photomng/imgpath/201910/04/854e2d15-bb51-441a-bd77-0916841363cc.jpg
25,https://api.cdn.visitjeju.net/photomng/imgpath/201903/15/bba631fe-b6f2-40fd-a1cf-0f99d844eab9.jpg
26,https://images.squarespace-cdn.com/content/v1/574e486386db431ed512b16e/1520405512647-P1CWWM12SVHNDIKSEZ8H/rDSC_7938.jpg?format=1000w
27,https://api.cdn.visitjeju.net/photomng/imgpath/202308/29/d8e383ae-c13c-4432-8f1b-6f3ed3e45ef7.jpg
28,https://t2.daumcdn.net/thumb/R720x0/?fname=http://t1.daumcdn.net/brunch/service/user/owx/image/HyTw76VEoZ8_eSP0gq1vBMOjLB4.jpg
29,https://a.cdn-hotels.com/gdcs/production171/d392/a555541d-7b65-473f-9fee-dfc67c045f91.jpg
30,https://www.jejumobile.kr/datas/ef4b1c2daa991a8a74357dff56f2fae7.jpg
31,https://api.cdn.visitjeju.net/photomng/imgpath/202211/11/bc92d557-312c-4f61-8d1c-8d7f34beadf8.jpg
32,https://blog.kakaocdn.net/dn/biTla0/btq3t4tazQm/ISCT4uo1xaIDm5Bneh3Hmk/img.png
33,https://blog.kakaocdn.net/dn/crQ4zI/btqEwhJYsq6/ECVTbpF1mZVRiq89I7VcvK/img.jpg
34,https://mblogthumb-phinf.pstatic.net/MjAyMzA2MTVfMTA2/MDAxNjg2NzU4ODE3ODYw.obXM7M8KJLTBIkvf9S9I47JwWMlssevF1oPos4g4ZiEg.Mj2LXo89pFYGwD9apR8zC5j3N0mD2EK6lVvF3E1IlTYg.JPEG.tact_1663/IMG_4938.jpg?type=w800
35,https://www.kkday.com/ko/blog/wp-content/uploads/korea_jeju_panpopogu_1.jpg
36,"https://media.triple.guide/triple-cms/c_limit,f_auto,h_1024,w_1024/59e78b42-a217-44dc-a845-20eaa971e963.jpeg"
37,https://img1.daumcdn.net/thumb/C500x500.fjpg/?fname=http://t1.daumcdn.net/brunch/service/user/6ASm/image/DfPgh_h8Y3C4J8O-5qvse1aJsOI.JPG
38,https://blog.kakaocdn.net/dn/b7nIuG/btqNVRPTisj/F7s8KeINz0f0tpiRRhkFYK/img.jpg
39,https://easyjeju.net/data/cheditor4/2202/20220204122328_ezokkfxa.png
40,https://m.candlemano.com/web/product/big/202009/fcb0ef20280017efea7ab83f38d52c6d.png
41,https://t1.daumcdn.net/cfile/tistory/99CA85495B7E1B362B
42,https://downtownkorea.com/wp-content/uploads/2022/08/image-20-360x360.png
43,https://img1.daumcdn.net/thumb/C500x500/?fname=http://t1.daumcdn.net/brunch/service/user/uSr/image/ge5QC4DypGzxouTkZzU-J64TSxY.jpg
44,https://dw82ptradz9jo.cloudfront.net/space/6112a59ad1c27b6457d3e118/story/611516ec08193125f80d3c46/d04b9546-8c70-44d8-bf6e-ad7c578d30ee
45,https://static.coupangcdn.com/image/travel_reactor/travelSeller/common/A00418821/7d831e17-764b-4440-a113-73ff6053a22a.jpg
46,https://mblogthumb-phinf.pstatic.net/MjAyMjA2MDNfMjU1/MDAxNjU0MjIwNTU2OTM3.hxS-0JFZkhIE2sIfLV-9Dp8uy1uNh1p8igcdv_NeidAg.c_jUb6QUinkvZf32Ip79lPrc3ev4He0txkVoQ5cKYYEg.JPEG.jennie_sw/01.jpg?type=w800
47,https://www.just4fun.kr/upload/2023/post_64dc3befdf12e9_81876837.jpg
48,https://mblogthumb-phinf.pstatic.net/MjAyMjA5MDVfMTgx/MDAxNjYyMzgzODU1NDkw.3bt7a9yF6qkGAjWdrn4-jwR_YC7YcFYO8AQa0wndg70g.z2mEbJmsYjDJ6ESodNGw0typNqWrqVp-ocQ0HCn-rawg.JPEG.amyangela/KakaoTalk_20220905_221717197.jpg?type=w800
49,https://ak-d.tripcdn.com/images/1i65r22159x8fr5e8BABE.jpg?proc=source/trip
50,https://dw82ptradz9jo.cloudfront.net/daylog/63b92b308677836f890832cd/76bf9a3c-8e31-4c6b-9ad4-cbddd27de911
51,https://dynamic-media-cdn.tripadvisor.com/media/photo-o/16/e6/3d/9b/photo2jpg.jpg?w=1200&h=1200&s=1
52,https://ak-d.tripcdn.com/images/0104p2224m9hxa2kg4520.jpg?proc=source/trip
53,https://img1.daumcdn.net/thumb/C500x500/?fname=http://t1.daumcdn.net/brunch/service/user/fdyL/image/8BJMkOQSsQ4f7O-i1k-b8nCNKGc.png
54,https://dynamic-media-cdn.tripadvisor.com/media/photo-o/11/2a/40/e2/photo8jpg.jpg?w=1200&h=1200&s=1
55,https://nas.battlepage.com/upload/2022/0812/12223533b44288011419b9a1e7fefd02fb978ef1.jpg
56,https://여기유.com/data/editor/2107/20210714094038_4fa494c27f1b116fe5e4e99651186733_2mgo.png
57,"https://media.triple.guide/triple-cms/c_limit,f_auto,h_1024,w_1024/ddcf7c6b-293d-4d92-a1cf-732aa8a0dfeb.jpeg"
58,https://fastly.4sqi.net/img/general/600x600/6275957_jHIKgE0N-tHzukoARhVGEWlYD58gzKQ0O98hqD9IWCE.jpg
59,https://peton.me/data/editor/2303/bee00d59bc60fa6c998ba45434c33fc4_1678875500_0999.jpg
60,https://img.allurekorea.com/allure/2023/01/style_63d8c91368046.jpeg
61,https://www.jejutwn.com/data/photos/20220625/art_16558779963313_87eb39.jpg
62,https://api.cdn.visitjeju.net/photomng/imgpath/202111/02/f9b924a1-378b-49b8-86ba-aadc29ed5ece.jpg
63,https://api.cdn.visitjeju.net/photomng/imgpath/202306/12/6ffc5f26-dc38-4e6f-9ced-0b2fa77832d1.jpg
64,https://ak-d.tripcdn.com/images/1mi5u2215efgiz5g1BA31.jpg?proc=source/trip
65,https://thumb.tidesquare.com/tour/public/product/PRV3000000026/PRD3000001131/origin/20220617085501738_6Pzzi.jpg?type=wide
66,https://t1.daumcdn.net/thumb/R720x0/?fname=http://t1.daumcdn.net/brunch/service/user/12iu/image/P94eJvJNQpPtbV9VnEfdlfCCNoQ.jpg
67,https://ak-d.tripcdn.com/images/01019120008g43tmt9CF6.jpg?proc=source%2Ftrip
68,https://api.cdn.visitjeju.net/photomng/imgpath/201903/25/da7a9f79-7857-47c6-ae02-2ad3de8e8231.jpg
69,https://www.newsjeju.net/news/photo/202208/381210_457196_1026.jpg
70,https://api.cdn.visitjeju.net/photomng/imgpath/202111/02/9e672800-918e-458e-9553-636c715cb9fb.jpg
71,https://cdn.eyesmag.com/content/uploads/posts/2022/07/05/podo-museum-exhibition-yet-with-love-02-1f478f98-fd2b-4c88-9f93-bd4749f1f7c4.jpg
72,https://api.cdn.visitjeju.net/photomng/imgpath/201804/30/729e9473-9590-4923-aec0-e72a3fe7d18d.jpg
73,https://blog.kakaocdn.net/dn/YGwEx/btrGXhlISbs/DlzsklCrZg7THtQ6tkYGj1/img.jpg
74,"https://media.triple.guide/triple-cms/c_limit,f_auto,h_2048,w_2048/53803028-cb45-484f-913f-e4bab38bcab9.jpeg"
75,https://api.cdn.visitjeju.net/photomng/imgpath/201804/30/9b4db276-2606-4fce-812f-92f38445b099.jpg
76,https://blog.kakaocdn.net/dn/chZ6V1/btricDlS3pb/QzBkrGgvmf7NZUHp1INThK/img.jpg
77,https://api.cdn.visitjeju.net/photomng/imgpath/202111/02/ee69314c-d49d-4349-abf7-a6d9f05a1894.jpg
78,https://d2ur7st6jjikze.cloudfront.net/offer_photos/31762/199765_large_1519348125.jpg?1519348125
79,https://api.cdn.visitjeju.net/photomng/imgpath/202111/02/12f6d539-8452-42bc-bd34-da9d71dd9d30.jpg
80,https://t1.daumcdn.net/cfile/tistory/99BF383359F56C0521
81,https://api.cdn.visitjeju.net/photomng/imgpath/201804/30/fbb6b72d-678d-45fa-8ab6-72cd058bc2e2.jpg
82,https://mblogthumb-phinf.pstatic.net/MjAyMjA1MTJfMTM3/MDAxNjUyMzQ1NTQ4Njkz.DYG8HnvbT88Q8U_AhJ_ijz7CqHb6FyOIeh73axzX-P4g.nCFUonGl0ibfJnGUp3w9ic9JWWSLd9ySzpooQup17C0g.JPEG.eye0228/SE-7F82BF80-51D5-401D-8E6E-65928BA10CF0.jpg?type=w800
83,https://api.cdn.visitjeju.net/photomng/imgpath/201804/30/d34297c8-684e-4885-8dfe-466743deb24e.jpg
84,https://ak-d.tripcdn.com/images/1i6432224q85ad3jl4402.jpg?proc=source/trip
85,https://api.cdn.visitjeju.net/photomng/imgpath/202111/11/0be3ec27-fa93-4fa6-baf2-5eee271de7d5.jpg
86,https://api.cdn.visitjeju.net/photomng/imgpath/202110/14/c4a2cf56-88fd-4162-9973-35fd1392fe8b.jpg
87,https://api.cdn.visitjeju.net/photomng/imgpath/202111/16/61b7cefa-52a4-41e1-b4e2-e77947a22990.jpg
88,https://cdn.living-sense.co.kr/news/photo/202111/20211130_13_bodyimg_49650.jpg
89,"https://media.triple.guide/triple-cms/c_limit,f_auto,h_1024,w_1024/427338dd-e22a-4a19-98cb-7611fdf5c2c2.jpeg"
90,https://d2mgzmtdeipcjp.cloudfront.net/files/good/2020/02/17/15819020917505.png